CYAN_BALL,"fusion","(NewEnumerator1,NewEnumerator7)","(BlueprintGeneratedClass'""/Game/Ingredients/CyanBall_BP.CyanBall_BP_C""')","0","Unknow","0","0",""
CYAN_CYLINDER,"fusion","(NewEnumerator1,NewEnumerator8)","(BlueprintGeneratedClass'""/Game/Ingredients/CyanCylinder_BP.CyanCylinder_BP_C""')","0","Unknow","0","0",""
CYAN_ICOSAHEDRON,"fusion","(NewEnumerator1,NewEnumerator9)","(BlueprintGeneratedClass'""/Game/Ingredients/CyanIcosahedron_BP.CyanIcosahedron_BP_C""')","0","Unknow","0","0",""
YELLOW_BALL,"fusion","(NewEnumerator1,NewEnumerator13)","(BlueprintGeneratedClass'""/Game/Ingredients/YellowBall_BP.YellowBall_BP_C""')","0","Unknow","0","0",""
YELLOW_CYLINDER,"fusion","(NewEnumerator1,NewEnumerator14)","(BlueprintGeneratedClass'""/Game/Ingredients/YellowCylinder_BP.YellowCylinder_BP_C""')","0","Unknow","0","0",""
YELLOW_ICOSAHEDRON,"fusion","(NewEnumerator1,NewEnumerator15)","(BlueprintGeneratedClass'""/Game/Ingredients/YellowIcosahedron_BP.YellowIcosahedron_BP_C""')","0","Unknow","0","0",""
WHITE_BALL,"fusion","(NewEnumerator1,NewEnumerator31)","(BlueprintGeneratedClass'""/Game/Ingredients/WhiteBall_BP.WhiteBall_BP_C""')","0","Unknow","0","0",""
WHITE_CYLINDER,"fusion","(NewEnumerator1,NewEnumerator32)","(BlueprintGeneratedClass'""/Game/Ingredients/WhiteCylinder_BP.WhiteCylinder_BP_C""')","0","Unknow","0","0",""
WHITE_ICOSAHEDRON,"fusion","(NewEnumerator1,NewEnumerator33)","(BlueprintGeneratedClass'""/Game/Ingredients/WhiteIcosahedron_BP.WhiteIcosahedron_BP_C""')","0","Unknow","0","0",""
CYAN_CYLINDER,"fusion","(NewEnumerator2,NewEnumerator7)","(BlueprintGeneratedClass'""/Game/Ingredients/CyanCylinder_BP.CyanCylinder_BP_C""')","0","Unknow","0","0",""
CYAN_CUBE,"fusion","(NewEnumerator2,NewEnumerator8)","(BlueprintGeneratedClass'""/Game/Ingredients/CyanCube_BP.CyanCube_BP_C""')","0","Unknow","0","0",""
CYAN_OCTAHEDRON,"fusion","(NewEnumerator2,NewEnumerator9)","(BlueprintGeneratedClass'""/Game/Ingredients/CyanOctahedron_BP.CyanOctahedron_BP_C""')","0","Unknow","0","0",""
YELLOW_CYLINDER,"fusion","(NewEnumerator2,NewEnumerator13)","(BlueprintGeneratedClass'""/Game/Ingredients/YellowCylinder_BP.YellowCylinder_BP_C""')","0","Unknow","0","0",""
YELLOW_CUBE,"fusion","(NewEnumerator2,NewEnumerator14)","(BlueprintGeneratedClass'""/Game/Ingredients/YellowCube_BP.YellowCube_BP_C""')","0","Unknow","0","0",""
YELLOW_OCTAHEDRON,"fusion","(NewEnumerator2,NewEnumerator15)","(BlueprintGeneratedClass'""/Game/Ingredients/YellowOctahedron_BP.YellowOctahedron_BP_C""')","0","Unknow","0","0",""
WHITE_CYLINDER,"fusion","(NewEnumerator2,NewEnumerator31)","(BlueprintGeneratedClass'""/Game/Ingredients/WhiteCylinder_BP.WhiteCylinder_BP_C""')","0","Unknow","0","0",""
WHITE_CUBE,"fusion","(NewEnumerator2,NewEnumerator32)","(BlueprintGeneratedClass'""/Game/Ingredients/WhiteCube_BP.WhiteCube_BP_C""')","0","Unknow","0","0",""
WHITE_OCTAHEDRON,"fusion","(NewEnumerator2,NewEnumerator33)","(BlueprintGeneratedClass'""/Game/Ingredients/WhiteOctahedron_BP.WhiteOctahedron_BP_C""')","0","Unknow","0","0",""
CYAN_ICOSAHEDRON,"fusion","(NewEnumerator3,NewEnumerator7)","(BlueprintGeneratedClass'""/Game/Ingredients/CyanIcosahedron_BP.CyanIcosahedron_BP_C""')","0","Unknow","0","0",""
CYAN_OCTAHEDRON,"fusion","(NewEnumerator3,NewEnumerator8)","(BlueprintGeneratedClass'""/Game/Ingredients/CyanOctahedron_BP.CyanOctahedron_BP_C""')","0","Unknow","0","0",""
CYAN_TETRA,"fusion","(NewEnumerator3,NewEnumerator9)","(BlueprintGeneratedClass'""/Game/Ingredients/CyanTetra_BP.CyanTetra_BP_C""')","0","Unknow","0","0",""
YELLOW_ICOSAHEDRON,"fusion","(NewEnumerator3,NewEnumerator13)","(BlueprintGeneratedClass'""/Game/Ingredients/YellowIcosahedron_BP.YellowIcosahedron_BP_C""')","0","Unknow","0","0",""
YELLOW_OCTAHEDRON,"fusion","(NewEnumerator3,NewEnumerator14)","(BlueprintGeneratedClass'""/Game/Ingredients/YellowOctahedron_BP.YellowOctahedron_BP_C""')","0","Unknow","0","0",""
YELLOW_TETRA,"fusion","(NewEnumerator3,NewEnumerator15)","(BlueprintGeneratedClass'""/Game/Ingredients/YellowTetra_BP.YellowTetra_BP_C""')","0","Unknow","0","0",""
WHITE_ICOSAHEDRON,"fusion","(NewEnumerator3,NewEnumerator31)","(BlueprintGeneratedClass'""/Game/Ingredients/WhiteIcosahedron_BP.WhiteIcosahedron_BP_C""')","0","Unknow","0","0",""
WHITE_OCTAHEDRON,"fusion","(NewEnumerator3,NewEnumerator32)","(BlueprintGeneratedClass'""/Game/Ingredients/WhiteOctahedron_BP.WhiteOctahedron_BP_C""')","0","Unknow","0","0",""
WHITE_TETRA,"fusion","(NewEnumerator3,NewEnumerator33)","(BlueprintGeneratedClass'""/Game/Ingredients/WhiteTetra_BP.WhiteTetra_BP_C""')","0","Unknow","0","0",""
CYAN_CYLINDER,"fusion","(NewEnumerator4,NewEnumerator10)","(BlueprintGeneratedClass'""/Game/Ingredients/CyanCylinder_BP.CyanCylinder_BP_C""')","0","Unknow","0","0",""
YELLOW_CYLINDER,"fusion","(NewEnumerator4,NewEnumerator16)","(BlueprintGeneratedClass'""/Game/Ingredients/YellowCylinder_BP.YellowCylinder_BP_C""')","0","Unknow","0","0",""
WHITE_CYLINDER,"fusion","(NewEnumerator4,NewEnumerator34)","(BlueprintGeneratedClass'""/Game/Ingredients/WhiteCylinder_BP.WhiteCylinder_BP_C""')","0","Unknow","0","0",""
CYAN_OCTAHEDRON,"fusion","(NewEnumerator5,NewEnumerator11)","(BlueprintGeneratedClass'""/Game/Ingredients/CyanOctahedron_BP.CyanOctahedron_BP_C""')","0","Unknow","0","0",""
YELLOW_OCTAHEDRON,"fusion","(NewEnumerator5,NewEnumerator17)","(BlueprintGeneratedClass'""/Game/Ingredients/YellowOctahedron_BP.YellowOctahedron_BP_C""')","0","Unknow","0","0",""
WHITE_OCTAHEDRON,"fusion","(NewEnumerator5,NewEnumerator35)","(BlueprintGeneratedClass'""/Game/Ingredients/WhiteOctahedron_BP.WhiteOctahedron_BP_C""')","0","Unknow","0","0",""
CYAN_ICOSAHEDRON,"fusion","(NewEnumerator6,NewEnumerator12)","(BlueprintGeneratedClass'""/Game/Ingredients/CyanIcosahedron_BP.CyanIcosahedron_BP_C""')","0","Unknow","0","0",""
YELLOW_ICOSAHEDRON,"fusion","(NewEnumerator6,NewEnumerator18)","(BlueprintGeneratedClass'""/Game/Ingredients/YellowIcosahedron_BP.YellowIcosahedron_BP_C""')","0","Unknow","0","0",""
WHITE_ICOSAHEDRON,"fusion","(NewEnumerator6,NewEnumerator36)","(BlueprintGeneratedClass'""/Game/Ingredients/WhiteIcosahedron_BP.WhiteIcosahedron_BP_C""')","0","Unknow","0","0",""
CYAN_BALL,"fusion","(NewEnumerator7,NewEnumerator1)","(BlueprintGeneratedClass'""/Game/Ingredients/CyanBall_BP.CyanBall_BP_C""')","0","Unknow","0","0",""
CYAN_CYLINDER,"fusion","(NewEnumerator7,NewEnumerator2)","(BlueprintGeneratedClass'""/Game/Ingredients/CyanCylinder_BP.CyanCylinder_BP_C""')","0","Unknow","0","0",""
CYAN_ICOSAHEDRON,"fusion","(NewEnumerator7,NewEnumerator3)","(BlueprintGeneratedClass'""/Game/Ingredients/CyanIcosahedron_BP.CyanIcosahedron_BP_C""')","0","Unknow","0","0",""
MAGENTA_BALL,"fusion","(NewEnumerator7,NewEnumerator13)","(BlueprintGeneratedClass'""/Game/Ingredients/MagentaBall_BP.MagentaBall_BP_C""')","0","Unknow","0","0",""
MAGENTA_CYLINDER,"fusion","(NewEnumerator7,NewEnumerator14)","(BlueprintGeneratedClass'""/Game/Ingredients/MagentaCylinder_BP.MagentaCylinder_BP_C""')","0","Unknow","0","0",""
MAGENTA_ICOSAHEDRON,"fusion","(NewEnumerator7,NewEnumerator15)","(BlueprintGeneratedClass'""/Game/Ingredients/MagentaIcosahedron_BP.MagentaIcosahedron_BP_C""')","0","Unknow","0","0",""
WHITE_BALL,"fusion","(NewEnumerator7,NewEnumerator19)","(BlueprintGeneratedClass'""/Game/Ingredients/WhiteBall_BP.WhiteBall_BP_C""')","0","Unknow","0","0",""
WHITE_CYLINDER,"fusion","(NewEnumerator7,NewEnumerator20)","(BlueprintGeneratedClass'""/Game/Ingredients/WhiteCylinder_BP.WhiteCylinder_BP_C""')","0","Unknow","0","0",""
WHITE_ICOSAHEDRON,"fusion","(NewEnumerator7,NewEnumerator21)","(BlueprintGeneratedClass'""/Game/Ingredients/WhiteIcosahedron_BP.WhiteIcosahedron_BP_C""')","0","Unknow","0","0",""
CYAN_CYLINDER,"fusion","(NewEnumerator8,NewEnumerator1)","(BlueprintGeneratedClass'""/Game/Ingredients/CyanCylinder_BP.CyanCylinder_BP_C""')","0","Unknow","0","0",""
CYAN_CUBE,"fusion","(NewEnumerator8,NewEnumerator2)","(BlueprintGeneratedClass'""/Game/Ingredients/CyanCube_BP.CyanCube_BP_C""')","0","Unknow","0","0",""
CYAN_OCTAHEDRON,"fusion","(NewEnumerator8,NewEnumerator3)","(BlueprintGeneratedClass'""/Game/Ingredients/CyanOctahedron_BP.CyanOctahedron_BP_C""')","0","Unknow","0","0",""
MAGENTA_CYLINDER,"fusion","(NewEnumerator8,NewEnumerator13)","(BlueprintGeneratedClass'""/Game/Ingredients/MagentaCylinder_BP.MagentaCylinder_BP_C""')","0","Unknow","0","0",""
MAGENTA_CUBE,"fusion","(NewEnumerator8,NewEnumerator14)","(BlueprintGeneratedClass'""/Game/Ingredients/MagentaCube_BP.MagentaCube_BP_C""')","0","Unknow","0","0",""
MAGENTA_OCTAHEDRON,"fusion","(NewEnumerator8,NewEnumerator15)","(BlueprintGeneratedClass'""/Game/Ingredients/MagentaOctahedron_BP.MagentaOctahedron_BP_C""')","0","Unknow","0","0",""
WHITE_CYLINDER,"fusion","(NewEnumerator8,NewEnumerator19)","(BlueprintGeneratedClass'""/Game/Ingredients/WhiteCylinder_BP.WhiteCylinder_BP_C""')","0","Unknow","0","0",""
WHITE_CUBE,"fusion","(NewEnumerator8,NewEnumerator20)","(BlueprintGeneratedClass'""/Game/Ingredients/WhiteCube_BP.WhiteCube_BP_C""')","0","Unknow","0","0",""
WHITE_OCTAHEDRON,"fusion","(NewEnumerator8,NewEnumerator21)","(BlueprintGeneratedClass'""/Game/Ingredients/WhiteOctahedron_BP.WhiteOctahedron_BP_C""')","0","Unknow","0","0",""
CYAN_ICOSAHEDRON,"fusion","(NewEnumerator9,NewEnumerator1)","(BlueprintGeneratedClass'""/Game/Ingredients/CyanIcosahedron_BP.CyanIcosahedron_BP_C""')","0","Unknow","0","0",""
CYAN_OCTAHEDRON,"fusion","(NewEnumerator9,NewEnumerator2)","(BlueprintGeneratedClass'""/Game/Ingredients/CyanOctahedron_BP.CyanOctahedron_BP_C""')","0","Unknow","0","0",""
CYAN_TETRA,"fusion","(NewEnumerator9,NewEnumerator3)","(BlueprintGeneratedClass'""/Game/Ingredients/CyanTetra_BP.CyanTetra_BP_C""')","0","Unknow","0","0",""
MAGENTA_ICOSAHEDRON,"fusion","(NewEnumerator9,NewEnumerator13)","(BlueprintGeneratedClass'""/Game/Ingredients/MagentaIcosahedron_BP.MagentaIcosahedron_BP_C""')","0","Unknow","0","0",""
MAGENTA_OCTAHEDRON,"fusion","(NewEnumerator9,NewEnumerator14)","(BlueprintGeneratedClass'""/Game/Ingredients/MagentaOctahedron_BP.MagentaOctahedron_BP_C""')","0","Unknow","0","0",""
MAGENTA_TETRA,"fusion","(NewEnumerator9,NewEnumerator15)","(BlueprintGeneratedClass'""/Game/Ingredients/MagentaTetra_BP.MagentaTetra_BP_C""')","0","Unknow","0","0",""
WHITE_ICOSAHEDRON,"fusion","(NewEnumerator9,NewEnumerator19)","(BlueprintGeneratedClass'""/Game/Ingredients/WhiteIcosahedron_BP.WhiteIcosahedron_BP_C""')","0","Unknow","0","0",""
WHITE_OCTAHEDRON,"fusion","(NewEnumerator9,NewEnumerator20)","(BlueprintGeneratedClass'""/Game/Ingredients/WhiteOctahedron_BP.WhiteOctahedron_BP_C""')","0","Unknow","0","0",""
WHITE_TETRA,"fusion","(NewEnumerator9,NewEnumerator21)","(BlueprintGeneratedClass'""/Game/Ingredients/WhiteTetra_BP.WhiteTetra_BP_C""')","0","Unknow","0","0",""
CYAN_CYLINDER,"fusion","(NewEnumerator10,NewEnumerator4)","(BlueprintGeneratedClass'""/Game/Ingredients/CyanCylinder_BP.CyanCylinder_BP_C""')","0","Unknow","0","0",""
MAGENTA_CYLINDER,"fusion","(NewEnumerator10,NewEnumerator16)","(BlueprintGeneratedClass'""/Game/Ingredients/MagentaCylinder_BP.MagentaCylinder_BP_C""')","0","Unknow","0","0",""
WHITE_CYLINDER,"fusion","(NewEnumerator10,NewEnumerator22)","(BlueprintGeneratedClass'""/Game/Ingredients/WhiteCylinder_BP.WhiteCylinder_BP_C""')","0","Unknow","0","0",""
CYAN_OCTAHEDRON,"fusion","(NewEnumerator11,NewEnumerator5)","(BlueprintGeneratedClass'""/Game/Ingredients/CyanOctahedron_BP.CyanOctahedron_BP_C""')","0","Unknow","0","0",""
MAGENTA_OCTAHEDRON,"fusion","(NewEnumerator11,NewEnumerator17)","(BlueprintGeneratedClass'""/Game/Ingredients/MagentaOctahedron_BP.MagentaOctahedron_BP_C""')","0","Unknow","0","0",""
WHITE_OCTAHEDRON,"fusion","(NewEnumerator11,NewEnumerator23)","(BlueprintGeneratedClass'""/Game/Ingredients/WhiteOctahedron_BP.WhiteOctahedron_BP_C""')","0","Unknow","0","0",""
CYAN_ICOSAHEDRON,"fusion","(NewEnumerator12,NewEnumerator6)","(BlueprintGeneratedClass'""/Game/Ingredients/CyanIcosahedron_BP.CyanIcosahedron_BP_C""')","0","Unknow","0","0",""
MAGENTA_ICOSAHEDRON,"fusion","(NewEnumerator12,NewEnumerator18)","(BlueprintGeneratedClass'""/Game/Ingredients/MagentaIcosahedron_BP.MagentaIcosahedron_BP_C""')","0","Unknow","0","0",""
WHITE_ICOSAHEDRON,"fusion","(NewEnumerator12,NewEnumerator24)","(BlueprintGeneratedClass'""/Game/Ingredients/WhiteIcosahedron_BP.WhiteIcosahedron_BP_C""')","0","Unknow","0","0",""
YELLOW_BALL,"fusion","(NewEnumerator13,NewEnumerator1)","(BlueprintGeneratedClass'""/Game/Ingredients/YellowBall_BP.YellowBall_BP_C""')","0","Unknow","0","0",""
YELLOW_CYLINDER,"fusion","(NewEnumerator13,NewEnumerator2)","(BlueprintGeneratedClass'""/Game/Ingredients/YellowCylinder_BP.YellowCylinder_BP_C""')","0","Unknow","0","0",""
YELLOW_ICOSAHEDRON,"fusion","(NewEnumerator13,NewEnumerator3)","(BlueprintGeneratedClass'""/Game/Ingredients/YellowIcosahedron_BP.YellowIcosahedron_BP_C""')","0","Unknow","0","0",""
MAGENTA_BALL,"fusion","(NewEnumerator13,NewEnumerator7)","(BlueprintGeneratedClass'""/Game/Ingredients/MagentaBall_BP.MagentaBall_BP_C""')","0","Unknow","0","0",""
MAGENTA_CYLINDER,"fusion","(NewEnumerator13,NewEnumerator8)","(BlueprintGeneratedClass'""/Game/Ingredients/MagentaCylinder_BP.MagentaCylinder_BP_C""')","0","Unknow","0","0",""
MAGENTA_ICOSAHEDRON,"fusion","(NewEnumerator13,NewEnumerator9)","(BlueprintGeneratedClass'""/Game/Ingredients/MagentaIcosahedron_BP.MagentaIcosahedron_BP_C""')","0","Unknow","0","0",""
WHITE_BALL,"fusion","(NewEnumerator13,NewEnumerator25)","(BlueprintGeneratedClass'""/Game/Ingredients/WhiteBall_BP.WhiteBall_BP_C""')","0","Unknow","0","0",""
WHITE_CYLINDER,"fusion","(NewEnumerator13,NewEnumerator26)","(BlueprintGeneratedClass'""/Game/Ingredients/WhiteCylinder_BP.WhiteCylinder_BP_C""')","0","Unknow","0","0",""
WHITE_ICOSAHEDRON,"fusion","(NewEnumerator13,NewEnumerator27)","(BlueprintGeneratedClass'""/Game/Ingredients/WhiteIcosahedron_BP.WhiteIcosahedron_BP_C""')","0","Unknow","0","0",""
YELLOW_CYLINDER,"fusion","(NewEnumerator14,NewEnumerator1)","(BlueprintGeneratedClass'""/Game/Ingredients/YellowCylinder_BP.YellowCylinder_BP_C""')","0","Unknow","0","0",""
YELLOW_CUBE,"fusion","(NewEnumerator14,NewEnumerator2)","(BlueprintGeneratedClass'""/Game/Ingredients/YellowCube_BP.YellowCube_BP_C""')","0","Unknow","0","0",""
YELLOW_OCTAHEDRON,"fusion","(NewEnumerator14,NewEnumerator3)","(BlueprintGeneratedClass'""/Game/Ingredients/YellowOctahedron_BP.YellowOctahedron_BP_C""')","0","Unknow","0","0",""
MAGENTA_CYLINDER,"fusion","(NewEnumerator14,NewEnumerator7)","(BlueprintGeneratedClass'""/Game/Ingredients/MagentaCylinder_BP.MagentaCylinder_BP_C""')","0","Unknow","0","0",""
MAGENTA_CUBE,"fusion","(NewEnumerator14,NewEnumerator8)","(BlueprintGeneratedClass'""/Game/Ingredients/MagentaCube_BP.MagentaCube_BP_C""')","0","Unknow","0","0",""
MAGENTA_OCTAHEDRON,"fusion","(NewEnumerator14,NewEnumerator9)","(BlueprintGeneratedClass'""/Game/Ingredients/MagentaOctahedron_BP.MagentaOctahedron_BP_C""')","0","Unknow","0","0",""
WHITE_CYLINDER,"fusion","(NewEnumerator14,NewEnumerator25)","(BlueprintGeneratedClass'""/Game/Ingredients/WhiteCylinder_BP.WhiteCylinder_BP_C""')","0","Unknow","0","0",""
WHITE_CUBE,"fusion","(NewEnumerator14,NewEnumerator26)","(BlueprintGeneratedClass'""/Game/Ingredients/WhiteCube_BP.WhiteCube_BP_C""')","0","Unknow","0","0",""
WHITE_OCTAHEDRON,"fusion","(NewEnumerator14,NewEnumerator27)","(BlueprintGeneratedClass'""/Game/Ingredients/WhiteOctahedron_BP.WhiteOctahedron_BP_C""')","0","Unknow","0","0",""
YELLOW_ICOSAHEDRON,"fusion","(NewEnumerator15,NewEnumerator1)","(BlueprintGeneratedClass'""/Game/Ingredients/YellowIcosahedron_BP.YellowIcosahedron_BP_C""')","0","Unknow","0","0",""
YELLOW_OCTAHEDRON,"fusion","(NewEnumerator15,NewEnumerator2)","(BlueprintGeneratedClass'""/Game/Ingredients/YellowOctahedron_BP.YellowOctahedron_BP_C""')","0","Unknow","0","0",""
YELLOW_TETRA,"fusion","(NewEnumerator15,NewEnumerator3)","(BlueprintGeneratedClass'""/Game/Ingredients/YellowTetra_BP.YellowTetra_BP_C""')","0","Unknow","0","0",""
MAGENTA_ICOSAHEDRON,"fusion","(NewEnumerator15,NewEnumerator7)","(BlueprintGeneratedClass'""/Game/Ingredients/MagentaIcosahedron_BP.MagentaIcosahedron_BP_C""')","0","Unknow","0","0",""
MAGENTA_OCTAHEDRON,"fusion","(NewEnumerator15,NewEnumerator8)","(BlueprintGeneratedClass'""/Game/Ingredients/MagentaOctahedron_BP.MagentaOctahedron_BP_C""')","0","Unknow","0","0",""
MAGENTA_TETRA,"fusion","(NewEnumerator15,NewEnumerator9)","(BlueprintGeneratedClass'""/Game/Ingredients/MagentaTetra_BP.MagentaTetra_BP_C""')","0","Unknow","0","0",""
WHITE_ICOSAHEDRON,"fusion","(NewEnumerator15,NewEnumerator25)","(BlueprintGeneratedClass'""/Game/Ingredients/WhiteIcosahedron_BP.WhiteIcosahedron_BP_C""')","0","Unknow","0","0",""
WHITE_OCTAHEDRON,"fusion","(NewEnumerator15,NewEnumerator26)","(BlueprintGeneratedClass'""/Game/Ingredients/WhiteOctahedron_BP.WhiteOctahedron_BP_C""')","0","Unknow","0","0",""
WHITE_TETRA,"fusion","(NewEnumerator15,NewEnumerator27)","(BlueprintGeneratedClass'""/Game/Ingredients/WhiteTetra_BP.WhiteTetra_BP_C""')","0","Unknow","0","0",""
YELLOW_CYLINDER,"fusion","(NewEnumerator16,NewEnumerator4)","(BlueprintGeneratedClass'""/Game/Ingredients/YellowCylinder_BP.YellowCylinder_BP_C""')","0","Unknow","0","0",""
MAGENTA_CYLINDER,"fusion","(NewEnumerator16,NewEnumerator10)","(BlueprintGeneratedClass'""/Game/Ingredients/MagentaCylinder_BP.MagentaCylinder_BP_C""')","0","Unknow","0","0",""
WHITE_CYLINDER,"fusion","(NewEnumerator16,NewEnumerator28)","(BlueprintGeneratedClass'""/Game/Ingredients/WhiteCylinder_BP.WhiteCylinder_BP_C""')","0","Unknow","0","0",""
YELLOW_OCTAHEDRON,"fusion","(NewEnumerator17,NewEnumerator5)","(BlueprintGeneratedClass'""/Game/Ingredients/YellowOctahedron_BP.YellowOctahedron_BP_C""')","0","Unknow","0","0",""
MAGENTA_OCTAHEDRON,"fusion","(NewEnumerator17,NewEnumerator11)","(BlueprintGeneratedClass'""/Game/Ingredients/MagentaOctahedron_BP.MagentaOctahedron_BP_C""')","0","Unknow","0","0",""
WHITE_OCTAHEDRON,"fusion","(NewEnumerator17,NewEnumerator29)","(BlueprintGeneratedClass'""/Game/Ingredients/WhiteOctahedron_BP.WhiteOctahedron_BP_C""')","0","Unknow","0","0",""
YELLOW_ICOSAHEDRON,"fusion","(NewEnumerator18,NewEnumerator6)","(BlueprintGeneratedClass'""/Game/Ingredients/YellowIcosahedron_BP.YellowIcosahedron_BP_C""')","0","Unknow","0","0",""
MAGENTA_ICOSAHEDRON,"fusion","(NewEnumerator18,NewEnumerator12)","(BlueprintGeneratedClass'""/Game/Ingredients/MagentaIcosahedron_BP.MagentaIcosahedron_BP_C""')","0","Unknow","0","0",""
WHITE_ICOSAHEDRON,"fusion","(NewEnumerator18,NewEnumerator30)","(BlueprintGeneratedClass'""/Game/Ingredients/WhiteIcosahedron_BP.WhiteIcosahedron_BP_C""')","0","Unknow","0","0",""
WHITE_BALL,"fusion","(NewEnumerator19,NewEnumerator7)","(BlueprintGeneratedClass'""/Game/Ingredients/WhiteBall_BP.WhiteBall_BP_C""')","0","Unknow","0","0",""
WHITE_CYLINDER,"fusion","(NewEnumerator19,NewEnumerator8)","(BlueprintGeneratedClass'""/Game/Ingredients/WhiteCylinder_BP.WhiteCylinder_BP_C""')","0","Unknow","0","0",""
WHITE_ICOSAHEDRON,"fusion","(NewEnumerator19,NewEnumerator9)","(BlueprintGeneratedClass'""/Game/Ingredients/WhiteIcosahedron_BP.WhiteIcosahedron_BP_C""')","0","Unknow","0","0",""
WHITE_CYLINDER,"fusion","(NewEnumerator20,NewEnumerator7)","(BlueprintGeneratedClass'""/Game/Ingredients/WhiteCylinder_BP.WhiteCylinder_BP_C""')","0","Unknow","0","0",""
WHITE_CUBE,"fusion","(NewEnumerator20,NewEnumerator8)","(BlueprintGeneratedClass'""/Game/Ingredients/WhiteCube_BP.WhiteCube_BP_C""')","0","Unknow","0","0",""
WHITE_OCTAHEDRON,"fusion","(NewEnumerator20,NewEnumerator9)","(BlueprintGeneratedClass'""/Game/Ingredients/WhiteOctahedron_BP.WhiteOctahedron_BP_C""')","0","Unknow","0","0",""
WHITE_ICOSAHEDRON,"fusion","(NewEnumerator21,NewEnumerator7)","(BlueprintGeneratedClass'""/Game/Ingredients/WhiteIcosahedron_BP.WhiteIcosahedron_BP_C""')","0","Unknow","0","0",""
WHITE_OCTAHEDRON,"fusion","(NewEnumerator21,NewEnumerator8)","(BlueprintGeneratedClass'""/Game/Ingredients/WhiteOctahedron_BP.WhiteOctahedron_BP_C""')","0","Unknow","0","0",""
WHITE_TETRA,"fusion","(NewEnumerator21,NewEnumerator9)","(BlueprintGeneratedClass'""/Game/Ingredients/WhiteTetra_BP.WhiteTetra_BP_C""')","0","Unknow","0","0",""
WHITE_CYLINDER,"fusion","(NewEnumerator22,NewEnumerator10)","(BlueprintGeneratedClass'""/Game/Ingredients/WhiteCylinder_BP.WhiteCylinder_BP_C""')","0","Unknow","0","0",""
WHITE_OCTAHEDRON,"fusion","(NewEnumerator23,NewEnumerator11)","(BlueprintGeneratedClass'""/Game/Ingredients/WhiteOctahedron_BP.WhiteOctahedron_BP_C""')","0","Unknow","0","0",""
WHITE_ICOSAHEDRON,"fusion","(NewEnumerator24,NewEnumerator12)","(BlueprintGeneratedClass'""/Game/Ingredients/WhiteIcosahedron_BP.WhiteIcosahedron_BP_C""')","0","Unknow","0","0",""
WHITE_BALL,"fusion","(NewEnumerator25,NewEnumerator13)","(BlueprintGeneratedClass'""/Game/Ingredients/WhiteBall_BP.WhiteBall_BP_C""')","0","Unknow","0","0",""
WHITE_CYLINDER,"fusion","(NewEnumerator25,NewEnumerator14)","(BlueprintGeneratedClass'""/Game/Ingredients/WhiteCylinder_BP.WhiteCylinder_BP_C""')","0","Unknow","0","0",""
WHITE_ICOSAHEDRON,"fusion","(NewEnumerator25,NewEnumerator15)","(BlueprintGeneratedClass'""/Game/Ingredients/WhiteIcosahedron_BP.WhiteIcosahedron_BP_C""')","0","Unknow","0","0",""
WHITE_CYLINDER,"fusion","(NewEnumerator26,NewEnumerator13)","(BlueprintGeneratedClass'""/Game/Ingredients/WhiteCylinder_BP.WhiteCylinder_BP_C""')","0","Unknow","0","0",""
WHITE_CUBE,"fusion","(NewEnumerator26,NewEnumerator14)","(BlueprintGeneratedClass'""/Game/Ingredients/WhiteCube_BP.WhiteCube_BP_C""')","0","Unknow","0","0",""
WHITE_OCTAHEDRON,"fusion","(NewEnumerator26,NewEnumerator15)","(BlueprintGeneratedClass'""/Game/Ingredients/WhiteOctahedron_BP.WhiteOctahedron_BP_C""')","0","Unknow","0","0",""
WHITE_ICOSAHEDRON,"fusion","(NewEnumerator27,NewEnumerator13)","(BlueprintGeneratedClass'""/Game/Ingredients/WhiteIcosahedron_BP.WhiteIcosahedron_BP_C""')","0","Unknow","0","0",""
WHITE_OCTAHEDRON,"fusion","(NewEnumerator27,NewEnumerator14)","(BlueprintGeneratedClass'""/Game/Ingredients/WhiteOctahedron_BP.WhiteOctahedron_BP_C""')","0","Unknow","0","0",""
WHITE_TETRA,"fusion","(NewEnumerator27,NewEnumerator15)","(BlueprintGeneratedClass'""/Game/Ingredients/WhiteTetra_BP.WhiteTetra_BP_C""')","0","Unknow","0","0",""
WHITE_CYLINDER,"fusion","(NewEnumerator28,NewEnumerator16)","(BlueprintGeneratedClass'""/Game/Ingredients/WhiteCylinder_BP.WhiteCylinder_BP_C""')","0","Unknow","0","0",""
WHITE_OCTAHEDRON,"fusion","(NewEnumerator29,NewEnumerator17)","(BlueprintGeneratedClass'""/Game/Ingredients/WhiteOctahedron_BP.WhiteOctahedron_BP_C""')","0","Unknow","0","0",""
WHITE_ICOSAHEDRON,"fusion","(NewEnumerator30,NewEnumerator18)","(BlueprintGeneratedClass'""/Game/Ingredients/WhiteIcosahedron_BP.WhiteIcosahedron_BP_C""')","0","Unknow","0","0",""
WHITE_BALL,"fusion","(NewEnumerator31,NewEnumerator1)","(BlueprintGeneratedClass'""/Game/Ingredients/WhiteBall_BP.WhiteBall_BP_C""')","0","Unknow","0","0",""
WHITE_CYLINDER,"fusion","(NewEnumerator31,NewEnumerator2)","(BlueprintGeneratedClass'""/Game/Ingredients/WhiteCylinder_BP.WhiteCylinder_BP_C""')","0","Unknow","0","0",""
WHITE_ICOSAHEDRON,"fusion","(NewEnumerator31,NewEnumerator3)","(BlueprintGeneratedClass'""/Game/Ingredients/WhiteIcosahedron_BP.WhiteIcosahedron_BP_C""')","0","Unknow","0","0",""
WHITE_CYLINDER,"fusion","(NewEnumerator32,NewEnumerator1)","(BlueprintGeneratedClass'""/Game/Ingredients/WhiteCylinder_BP.WhiteCylinder_BP_C""')","0","Unknow","0","0",""
WHITE_CUBE,"fusion","(NewEnumerator32,NewEnumerator2)","(BlueprintGeneratedClass'""/Game/Ingredients/WhiteCube_BP.WhiteCube_BP_C""')","0","Unknow","0","0",""
WHITE_OCTAHEDRON,"fusion","(NewEnumerator32,NewEnumerator3)","(BlueprintGeneratedClass'""/Game/Ingredients/WhiteOctahedron_BP.WhiteOctahedron_BP_C""')","0","Unknow","0","0",""
WHITE_ICOSAHEDRON,"fusion","(NewEnumerator33,NewEnumerator1)","(BlueprintGeneratedClass'""/Game/Ingredients/WhiteIcosahedron_BP.WhiteIcosahedron_BP_C""')","0","Unknow","0","0",""
WHITE_OCTAHEDRON,"fusion","(NewEnumerator33,NewEnumerator2)","(BlueprintGeneratedClass'""/Game/Ingredients/WhiteOctahedron_BP.WhiteOctahedron_BP_C""')","0","Unknow","0","0",""
WHITE_TETRA,"fusion","(NewEnumerator33,NewEnumerator3)","(BlueprintGeneratedClass'""/Game/Ingredients/WhiteTetra_BP.WhiteTetra_BP_C""')","0","Unknow","0","0",""
WHITE_CYLINDER,"fusion","(NewEnumerator34,NewEnumerator4)","(BlueprintGeneratedClass'""/Game/Ingredients/WhiteCylinder_BP.WhiteCylinder_BP_C""')","0","Unknow","0","0",""
WHITE_OCTAHEDRON,"fusion","(NewEnumerator35,NewEnumerator5)","(BlueprintGeneratedClass'""/Game/Ingredients/WhiteOctahedron_BP.WhiteOctahedron_BP_C""')","0","Unknow","0","0",""
WHITE_ICOSAHEDRON,"fusion","(NewEnumerator36,NewEnumerator6)","(BlueprintGeneratedClass'""/Game/Ingredients/WhiteIcosahedron_BP.WhiteIcosahedron_BP_C""')","0","Unknow","0","0",""
